000001.SS,^GSPC,^N225,^STOXX,Index
3135.920898,2257.830078,19594.16016,365.7099915,1058.191416
3158.793945,2270.75,19594.16016,365.2600098,1170.819431
3165.410889,2269,19520.68945,365.6400146,1027.927125
3154.321045,2276.97998,19454.33008,365.4500122,916.3169484
3171.236084,2268.899902,19454.33008,363.6700134,917.4555626
3161.670898,2268.899902,19301.43945,364.0700073,922.8201256
3136.753906,2275.320068,19364.66992,364.8999939,791.3215692
3119.289063,2270.439941,19134.69922,362.5100098,818.6581144
3112.763916,2274.639893,19287.2793,365.9400024,837.6443787
3103.427979,2274.639893,19095.24023,362.9700012,845.0730369
3108.774902,2267.889893,18813.5293,362.4200134,922.1793387
3113.011963,2271.889893,18894.36914,363.0700073,900.6839814
3101.299072,2263.689941,19072.25,362.8500061,913.3308077
3123.138916,2271.310059,19137.91016,362.5799866,909.5166113
3136.774902,2265.199951,18891.0293,361.0100098,935.6685839
3142.552979,2280.070068,18787.99023,361.9200134,907.1056113
3149.554932,2298.370117,19057.5,366.5899963,915.8270226
3159.166016,2296.679932,19402.39063,367.5,932.0094185
3159.166016,2294.689941,19467.40039,366.3800049,934.1431801
3159.166016,2280.899902,19368.84961,362.5499878,934.9744692
3159.166016,2278.870117,19041.33984,360.1199951,985.2091551
3159.166016,2279.550049,19148.08008,363.2000122,1003.83044
3159.166016,2280.850098,18914.58008,361.9500122,1026.706657
3140.169922,2297.419922,18918.19922,364.0700073,1045.107094
3156.983887,2292.560059,18976.71094,361.6000061,1053.583434
3153.087891,2293.080078,18910.7793,362.7399902,1076.905645
3166.981934,2294.669922,19007.59961,363.9400024,1078.524316
3183.178955,2307.870117,18907.66992,366.7900085,1009.213785
3196.698975,2316.100098,19378.92969,367.3900146,1003.730121
3216.839111,2328.25,19459.15039,370.1300049,1005.629419
3217.927979,2337.580078,19238.98047,370.2000122,1021.345988
3212.986084,2349.25,19437.98047,371.4700012,1024.20896
3229.61792,2347.219971,19347.5293,370.1000061,1044.130451
3202.075928,2351.159912,19234.61914,370.2200012,1062.716821
3239.960938,2351.159912,19251.08008,371.0400085,1096.177741
3253.325928,2365.379883,19381.43945,373.3999939,1131.751729
3261.218018,2362.820068,19379.86914,373.3800049,1133.844861
3251.375,2363.810059,19371.46094,372.8500061,1183.682321
3253.433105,2367.340088,19283.53906,370.0100098,1190.595973
3228.659912,2369.75,19107.4707,369.519989,1199.16921
3241.73291,2363.639893,19118.99023,370.2399902,1199.55816
3246.934082,2395.959961,19393.53906,375.6900024,1243.648601
3230.028076,2381.919922,19564.80078,375.6099854,1273.964439
3218.312012,2383.120117,19469.16992,375.230011,1298.36981
3233.865967,2375.310059,19379.14063,373.269989,1296.357056
3242.406006,2368.389893,19344.15039,372.269989,1246.250118
3240.665039,2362.97998,19254.0293,372.5799866,1170.4273
3216.746094,2364.870117,19318.58008,372.8900146,1210.08311
3212.76001,2372.600098,19604.60938,373.230011,1139.804441
3237.023926,2373.469971,19633.75,374.6400146,1264.683483
3239.327881,2365.449951,19609.5,373.4599915,1272.70979
3241.76001,2385.26001,19577.38086,375.1000061,1288.826756
3268.935059,2381.379883,19590.14063,377.730011,1238.392957
3237.447021,2378.25,19521.58984,378.3200073,1151.11308
3250.808105,2373.469971,19521.58984,377.6799927,1101.653492
3261.611084,2344.02002,19455.88086,375.6700134,1167.694359
3245.219971,2348.449951,19041.38086,374.0299988,1095.418603
3248.550049,2345.959961,19085.31055,377.2000122,1086.248394
3269.445068,2343.97998,19262.5293,376.5100098,994.7114778
3266.955078,2341.590088,18985.58984,375.0100098,1099.5122
3252.947998,2358.570068,19202.86914,377.2999878,1102.080603
3241.313965,2361.129883,19217.48047,378.5299988,1097.28197
3210.237061,2368.060059,19063.2207,380.4599915,1085.616483
3222.513916,2362.719971,18909.25977,381.1400146,1128.494399
3222.513916,2358.840088,18983.23047,379.2900085,1196.237038
3222.513916,2360.159912,18810.25,380.0299988,1186.181259
3270.304932,2352.949951,18861.26953,380.0899963,1181.17803
3281.004883,2357.48999,18597.06055,380.769989,1236.173854
3286.615967,2355.540039,18664.63086,381.2600098,1228.434186
3269.393066,2357.159912,18797.88086,381.25,1239.482244
3288.966064,2353.780029,18747.86914,381.1799927,1257.27104
3273.830078,2344.929932,18552.60938,381.8999939,1257.442895
3275.959961,2328.949951,18426.83984,380.5799866,1229.648928
3244.48291,2328.949951,18335.63086,380.5799866,1225.50414
3222.166992,2349.01001,18355.25977,380.5799866,1252.636234
3196.712891,2342.189941,18418.58984,376.3500061,1272.697644
3170.687012,2338.169922,18432.19922,377.2399902,1268.253421
3172.100098,2355.840088,18430.49023,378.0599976,1289.087055
3173.150879,2348.689941,18620.75,378.1199951,1281.502249
3129.531006,2374.149902,18875.88086,386.0899963,1315.147026
3134.566895,2388.610107,19079.33008,386.9100037,1330.593991
3140.846924,2387.449951,19289.42969,388.730011,1348.648355
3152.187012,2388.77002,19251.86914,387.7900085,1394.519682
3154.657959,2384.199951,19196.74023,387.0899963,1400.980683
3154.657959,2388.330078,19310.51953,387.0899963,1513.814672
3143.711914,2391.169922,19445.69922,389.5299988,1545.978748
3135.345947,2388.129883,19445.69922,389.3699951,1590.850767
3127.368896,2389.52002,19445.69922,391.980011,1658.045044
3103.038086,2399.290039,19445.69922,394.5400085,1676.115349
3078.613037,2399.379883,19895.69922,394.0400085,1843.728579
3080.5271,2396.919922,19843,395.8099976,1880.105888
3052.784912,2399.629883,19900.08984,396.4500122,1908.617006
3061.5,2394.439941,19961.55078,394.3900146,1969.167345
3083.512939,2390.899902,19883.90039,395.6300049,1840.350294
3090.229004,2402.320068,19869.84961,395.9700012,1856.210255
3112.964111,2400.669922,19919.82031,395.9100037,1847.215654
3104.441895,2357.030029,19814.88086,391.1400146,1954.354763
3090.138916,2365.719971,19553.85938,389.1900024,2013.913927
3090.631104,2381.72998,19590.75977,391.5100098,2144.934454
3075.676025,2394.02002,19678.2793,391.1400146,2373.041904
3061.947021,2398.419922,19613.2793,392.019989,2534.484016
3064.075928,2404.389893,19742.98047,392.3699951,2668.139297
3107.831055,2415.070068,19813.13086,392.3699951,2509.32618
3110.059082,2415.820068,19686.83984,391.3500061,2386.571222
3110.059082,2415.820068,19682.57031,391.25,2475.731604
3110.059082,2412.909912,19677.84961,390.5,2431.522966
3117.177979,2411.800049,19650.57031,389.9899902,2542.376518
3102.623047,2430.060059,19860.0293,391.6600037,2658.922281
3105.540039,2439.070068,20177.2793,392.5499878,2741.269743
3091.656006,2436.100098,20170.82031,392.5499878,2966.117363
3102.125977,2429.330078,19979.90039,389.3999939,3158.216955
3140.324951,2433.139893,19984.61914,389.1799927,3018.625626
3150.333984,2433.790039,19909.25977,389.1499939,3097.498003
3158.399902,2431.77002,20013.25977,390.3900146,3135.228659
3139.876953,2429.389893,19908.58008,386.6199951,3090.623373
3153.74292,2440.350098,19898.75,388.75,3145.199907
3130.674072,2437.919922,19883.51953,387.5799866,2895.647827
3132.486084,2432.459961,19831.82031,386.0499878,2856.733192
3123.166016,2433.149902,19943.25977,388.6000061,2924.487549
3144.374023,2453.459961,20067.75,391.9400024,3009.976997
3140.013916,2437.030029,20230.41016,389.2099915,3128.011444
3156.211914,2435.610107,20138.78906,388.5,3073.759605
3147.452881,2434.5,20110.50977,388.5299988,3089.493813
3157.873047,2438.300049,20132.66992,387.6199951,3133.984425
3185.444092,2439.070068,20153.34961,389.0499878,2792.273739
3191.197021,2419.379883,20225.08984,385.980011,2886.079464
3173.200928,2440.689941,20130.41016,385.8200073,2945.56654
3188.062988,2419.699951,20220.30078,380.6600037,2883.268364
3192.427002,2423.409912,20033.42969,379.3699951,2816.110374
3195.912109,2429.01001,20055.80078,383.4100037,2893.38327
3182.803955,2429.01001,20032.34961,382.2999878,2930.277302
3207.134033,2432.540039,20081.63086,382.9899902,2923.958477
3212.444092,2409.75,19994.06055,380.4299927,2930.239368
3217.957031,2425.179932,19929.08984,380.1799927,2811.22641
3212.63208,2427.429932,20080.98047,381.6400146,2634.493454
3203.038086,2425.530029,20195.48047,379.1499939,2580.524845
3197.543945,2443.25,20098.38086,384.8999939,2678.365292
3218.163086,2447.830078,20099.81055,386.1400146,2613.960705
3222.416992,2459.27002,20118.85938,386.8399963,2475.80479
3176.465088,2459.139893,20118.85938,386.8599854,2464.503609
3187.566895,2460.610107,19999.91016,382.5799866,2597.573288
3230.976074,2473.830078,20020.85938,385.5400085,2513.997334
3244.86499,2473.449951,20144.58984,384.0700073,3089.880798
3237.981934,2472.540039,20099.75,380.1600037,2931.828003
3250.599121,2469.909912,19975.66992,379.230011,3023.976604
3243.688965,2477.129883,19955.19922,380.769989,2825.431286
3247.675049,2477.830078,20050.16016,382.7399902,2775.632652
3249.781006,2475.419922,20079.64063,382.3200073,2918.237823
3253.23999,2472.100098,19959.83984,378.3399963,3042.747612
3273.028076,2470.300049,19925.17969,377.8500061,3122.233791
3292.637939,2476.350098,19985.78906,377.8500061,2988.065308
3285.056885,2477.570068,20080.03906,378.6300049,2972.754116
3272.928955,2472.159912,20029.25977,378.9299927,3072.933475
3262.081055,2476.830078,19952.33008,382.5299988,3162.41259
3279.457031,2480.909912,20055.89063,382.0100098,3693.915436
3281.873047,2474.919922,19996.00977,382.6499939,3765.340855
3275.572998,2474.02002,19738.71094,379.8399963,3686.508881
3261.749023,2438.209961,19729.74023,376.0499878,3723.671829
3208.541016,2441.320068,19729.74023,372.1400146,4006.58353
3237.360107,2465.840088,19537.09961,376.1600037,4671.031368
3251.261963,2464.610107,19753.31055,376.5,4515.054668
3246.450928,2468.110107,19729.2793,379.0899963,4723.04808
3268.429932,2430.01001,19702.63086,376.8699951,4677.061543
3268.724121,2425.550049,19470.41016,374.2000122,4503.491512
3286.906006,2428.370117,19393.13086,372.7200012,4371.266994
3290.226074,2452.51001,19383.83984,375.7999878,4462.032124
3287.705078,2444.040039,19434.64063,373.9200134,4522.287132
3271.511963,2438.969971,19353.76953,374.5100098,4710.476768
3331.521973,2443.050049,19452.60938,374.0700073,4754.691906
3362.650879,2444.23999,19449.90039,372.2900085,4792.762665
3365.226074,2446.300049,19362.55078,368.4200134,5012.854012
3363.626953,2457.590088,19506.53906,371.0100098,5007.954086
3360.810059,2471.649902,19646.24023,373.8800049,5157.487228
3367.118896,2476.550049,19691.4707,376.1400146,5365.790466
3379.835938,2476.550049,19508.25,374.1799927,4596.686852
3384.316895,2457.850098,19385.81055,373.7099915,4760.812592
3385.388916,2465.540039,19357.9707,373.9500122,5011.572433
3365.49707,2465.100098,19396.51953,374.9500122,5007.792191
3365.24292,2461.429932,19274.82031,375.5100098,4593.041809
3376.418945,2488.110107,19545.76953,379.4299927,4521.841934
3379.488037,2496.47998,19776.61914,381.4200134,4486.507751
3384.146973,2498.370117,19865.82031,381.3399963,4221.432186
3371.426025,2495.620117,19807.43945,381.7900085,3410.442856
3353.618896,2500.22998,19909.5,380.7099915,3936.196625
3362.858887,2503.870117,19909.5,381.9500122,4414.222359
3356.844971,2506.649902,20299.38086,382.1199951,4260.609257
3365.996094,2508.23999,20310.46094,381.980011,4241.61492
3357.812012,2500.600098,20347.48047,382.8800049,3936.395506
3352.529053,2502.219971,20296.44922,383.2200012,3943.250753
3341.549072,2496.659912,20397.58008,383.8999939,4270.164368
3343.583008,2496.840088,20330.18945,384.0299988,4231.529843
3345.271973,2507.040039,20267.05078,385.6199951,4563.614618
3339.64209,2510.060059,20363.10938,386.3599854,4528.213976
3348.943115,2519.360107,20356.2793,388.1600037,4507.468276
3348.943115,2529.120117,20400.7793,390.1300049,4760.553529
3348.943115,2534.580078,20614.07031,390.7200012,4662.658946
3348.943115,2537.73999,20626.66016,390.3999939,4573.836647
3348.943115,2552.070068,20628.56055,391.0299988,4676.370688
3348.943115,2549.330078,20690.71094,389.4700012,4732.012473
3374.37793,2544.72998,20690.71094,390.2099915,5119.978722
3382.988037,2550.639893,20823.50977,390.1600037,5133.006328
3388.283936,2555.23999,20881.26953,390.1499939,5181.296458
3386.100098,2550.929932,20954.7207,390.2799988,5811.624007
3390.522949,2553.169922,21155.17969,391.4200134,6045.864095
3378.469971,2557.639893,21255.56055,391.4100037,6124.048504
3372.041016,2559.360107,21336.11914,390.4400024,5982.498831
3381.793945,2561.26001,21363.05078,391.5599976,5966.132662
3370.172119,2562.100098,21448.51953,389.1099854,6076.674765
3378.647949,2575.209961,21457.64063,390.1300049,6376.041312
3380.698975,2564.97998,21696.65039,390.7399902,6272.464166
3388.248047,2569.129883,21805.16992,389.3299866,5881.212985
3396.897949,2557.149902,21707.61914,387.1300049,6105.501055
3407.566895,2560.399902,21739.7793,391.269989,6257.349258
3416.812012,2581.070068,22008.44922,393.4299927,6133.906334
3390.336914,2572.830078,22011.66992,393.9100037,6494.909723
3393.342041,2575.26001,22011.60938,395.2200012,6830.25735
3395.913086,2579.360107,22420.08008,396.769989,7112.365457
3383.310059,2579.850098,22539.11914,394.9400024,7420.855019
3371.743896,2587.840088,22539.11914,396.0599976,7569.84659
3388.174072,2591.129883,22548.34961,396.5899963,7377.014799
3413.574951,2590.639893,22937.59961,394.6499939,7500.533814
3415.459961,2594.379883,22913.82031,394.4500122,7831.572145
3427.794922,2584.620117,22868.71094,390.0700073,7528.989802
3432.673096,2582.300049,22681.41992,388.6900024,6976.86795
3447.835938,2584.840088,22380.99023,386.1300049,6937.811616
3429.548096,2578.870117,22380.00977,383.8599854,7036.274956
3402.524902,2564.620117,22028.32031,381.9599915,7712.933217
3399.25,2585.639893,22351.11914,384.9299927,8273.871497
3382.907959,2578.850098,22396.80078,383.7999878,8109.138669
3392.398926,2582.139893,22261.75977,386.3900146,8639.814223
3410.498047,2599.030029,22416.48047,388.1000061,8501.872366
3430.464111,2597.080078,22523.15039,387.0599976,8706.291676
3352.989014,2597.080078,22523.15039,387.1199951,8522.351229
3353.821045,2602.419922,22550.84961,386.6300049,8806.791043
3322.22998,2601.419922,22495.99023,384.8699951,10390.54208
3333.656982,2627.040039,22486.24023,387.019989,10628.03178
3337.862061,2626.070068,22597.19922,387.9599915,10401.93933
3317.187988,2647.580078,22724.96094,386.6900024,10769.33467
3317.616943,2642.219971,22819.0293,383.9700012,11541.45249
3309.61792,2639.439941,22707.16016,387.4700012,12232.00566
3303.675049,2629.570068,22622.38086,386.7399902,12482.81957
3293.965088,2629.27002,22177.03906,386.3200073,14820.84942
3272.053955,2636.97998,22498.0293,386.4100037,18432.76517
3289.991943,2651.5,22811.08008,389.25,17150.63809
3322.196045,2659.98999,22938.73047,389.0499878,17666.52175
3280.813965,2664.110107,22866.16992,391.6300049,18383.35573
3303.037109,2662.850098,22758.07031,390.7000122,17413.9644
3292.438965,2652.01001,22694.44922,388.9100037,17539.69324
3266.136963,2675.810059,22553.2207,388.1900024,18691.66164
3267.922119,2690.159912,22901.76953,392.6600037,20268.13334
3296.538086,2681.469971,22868,391.019989,18954.74584
3287.605957,2679.25,22891.7207,388.3699951,17759.16556
3300.059082,2684.570068,22866.09961,390.6900024,16942.32752
3297.062988,2683.340088,22902.75977,390.2799988,14772.42582
3280.839111,2683.340088,22939.17969,390.2799988,15066.7419
3306.125,2680.5,22892.68945,390.2799988,17161.08969
3275.782959,2682.620117,22911.21094,390.5400085,16874.43567
3296.38501,2687.540039,22783.98047,389.5400085,15594.3674
3307.172119,2673.610107,22764.93945,389.1799927,15656.30982
3348.325928,2695.810059,22764.93945,389.1799927,16123.68388
3369.10791,2713.060059,22764.93945,390.2200012,16410.84879
3385.709961,2723.98999,23506.33008,393.6799927,16823.59068
3391.75,2743.149902,23714.5293,397.3500061,18678.39801
3409.47998,2747.709961,23714.5293,398.4100037,16576.66894
3413.899902,2751.290039,23849.99023,400.1099854,16144.22041
3421.833984,2748.22998,23788.19922,398.6000061,16481.61959
3425.344971,2767.560059,23710.42969,397.25,14791.7946
3428.940918,2786.23999,23653.82031,398.4899902,15492.60463
3410.488037,2786.23999,23714.88086,397.8299866,15346.15013
3436.593994,2776.419922,23951.81055,398.3500061,12733.90388
3444.670898,2802.560059,23868.33984,397.9700012,12390.69335
3474.753906,2798.030029,23763.36914,398.730011,12705.4215
3487.864014,2810.300049,23808.06055,400.8800049,12840.92777
3501.362061,2832.969971,23816.33008,402.1099854,12116.04171
3546.504883,2839.129883,24124.15039,402.8099976,12033.80139
3559.465088,2837.540039,23940.7793,400.7900085,12599.58249
3548.306885,2839.25,23669.49023,398.5599976,12497.10036
3558.128906,2872.870117,23631.88086,400.5700073,12404.63766
3523.000977,2853.530029,23629.33984,399.7999878,12661.74529
3488.009033,2822.429932,23291.9707,396.1199951,11343.8345
3480.833008,2823.810059,23098.28906,395.4599915,11503.90013
3446.97998,2821.97998,23486.10938,393.4899902,10350.56909
3462.081055,2762.129883,23274.5293,388.0700073,9878.799079
3487.49707,2648.939941,22682.08008,382,7779.219887
3370.6521,2695.139893,21610.24023,372.7900085,8690.908008
3309.26001,2681.659912,21645.36914,380.1300049,8517.288019
3262.050049,2581,21890.85938,374.0299988,9233.630518
3129.851074,2619.550049,21382.61914,368.6099854,9785.622252
3154.125,2656,21382.61914,372.9299927,9957.717874
3184.958984,2662.939941,21244.67969,370.5799866,9604.06564
3199.158936,2698.629883,21154.16992,374.5299988,10632.51501
3199.158936,2731.199951,21464.98047,376.5100098,11329.77702
3199.158936,2732.219971,21720.25,380.6199951,11409.27784
3199.158936,2732.219971,22149.21094,378.2399902,12393.38764
3199.158936,2716.26001,21925.09961,380.5100098,12533.00087
3199.158936,2701.330078,21970.81055,381.1000061,11754.74151
3268.559082,2703.959961,21736.43945,380.3399963,11014.09276
3289.023926,2747.300049,21892.7793,381.1600037,11375.61769
3329.573975,2779.600098,22153.63086,383.0599976,11458.00698
3292.068115,2744.280029,22389.85938,382.3599854,11821.52312
3259.407959,2713.830078,22068.24023,379.6300049,11456.9684
3273.754883,2677.669922,21724.4707,374.8599854,12033.91747
3254.528076,2691.25,21181.64063,367.0400085,12156.75566
3256.926025,2720.939941,21042.08984,370.8699951,12639.04319
3289.64209,2728.120117,21417.75977,371.3699951,11794.2716
3271.667969,2726.800049,21252.7207,372.7099915,10905.00874
3288.406006,2738.969971,21368.07031,376.6199951,10276.82494
3307.166016,2786.570068,21469.19922,378.2399902,10254.3369
3326.698975,2783.02002,21824.0293,379.2000122,10083.91902
3310.239014,2765.310059,21968.09961,375.4899902,10062.2455
3291.38208,2749.47998,21777.28906,374.9400024,9045.844755
3291.112061,2747.330078,21803.94922,376.8800049,9077.245812
3269.88208,2752.01001,21676.50977,377.7099915,9106.06892
3279.251953,2712.919922,21480.90039,373.6799927,9349.097694
3290.639893,2716.939941,21380.9707,375.5700073,9640.058376
3280.951904,2711.929932,21380.9707,374.9599915,9660.72288
3263.47998,2643.689941,21591.99023,369.1499939,9432.466523
3152.760986,2588.26001,20617.85938,365.8200073,9587.669535
3133.721924,2658.550049,20766.09961,363.1799927,8849.111674
3166.648926,2612.620117,21317.32031,367.5700073,8419.432594
3122.290039,2605,21031.31055,369.2600098,8533.017391
3160.531006,2640.870117,21159.08008,370.8699951,7666.774226
3168.896973,2640.870117,21454.30078,370.8699951,7404.197711
3163.178955,2581.879883,21388.58008,370.8699951,7589.960861
3136.633057,2614.449951,21292.28906,369.0700073,8007.94079
3131.111084,2644.689941,21319.55078,367.3299866,7353.240363
3131.111084,2662.840088,21645.41992,376.1300049,7314.268889
3131.111084,2604.469971,21567.51953,374.8200073,7120.17934
3138.293945,2613.159912,21678.25977,375.2999878,7284.710613
3190.322021,2656.870117,21794.32031,378.4200134,7363.777961
3208.082031,2642.189941,21687.09961,376.1799927,7517.676149
3180.157959,2663.98999,21660.2793,378.8200073,8512.12506
3159.052002,2656.300049,21778.74023,379.2000122,8514.631018
3110.648926,2677.840088,21835.5293,377.7399902,8698.818116
3066.797119,2706.389893,21847.58984,380.769989,8538.572368
3091.398926,2708.639893,22158.19922,381.8599854,8828.912548
3117.375977,2693.129883,22191.17969,381.9500122,9009.253703
3071.542969,2670.139893,22162.24023,381.8399963,9617.867761
3068.011963,2670.290039,22088.03906,383.1799927,9726.460713
3128.927002,2634.560059,22278.11914,383.1099854,10572.28872
3117.974121,2639.399902,22215.32031,380.1700134,9606.626279
3075.030029,2666.939941,22319.60938,383.75,10098.78223
3082.231934,2669.909912,22467.86914,384.6400146,9780.72728
3082.231934,2648.050049,22467.86914,385.3200073,10059.83883
3082.231934,2654.800049,22508.0293,385.3200073,9942.019842
3081.177002,2635.669922,22472.7793,387.4400024,10075.58303
3100.858887,2629.72998,22472.7793,384.6199951,10685.79976
3091.032959,2663.419922,22472.7793,387.0299988,10656.11455
3136.64502,2672.629883,22467.16016,389.5100098,10292.52193
3161.498047,2671.919922,22508.68945,390,10148.17552
3159.149902,2697.790039,22408.88086,392.4400024,10235.37281
3174.413086,2723.070068,22497.17969,392.4400024,9921.909873
3163.262939,2727.719971,22758.48047,392.3999939,9258.921208
3174.031982,2730.129883,22865.85938,392.1900024,9595.843401
3192.11792,2711.449951,22818.01953,392.3699951,9359.895018
3169.564941,2722.459961,22717.23047,393.2099915,9215.885337
3154.282959,2720.129883,22838.36914,395.7900085,8900.437913
3193.302979,2712.969971,22930.35938,394.6700134,9082.096123
3213.840088,2733.01001,23002.36914,394.6700134,9253.394418
3214.350098,2724.439941,22960.33984,396.9400024,8818.798213
3168.964111,2733.290039,22689.74023,392.5799866,8261.270412
3154.650879,2727.76001,22437.00977,390.5400085,8312.277363
3141.302979,2721.330078,22450.78906,391.0799866,8186.85965
3135.082031,2721.330078,22481.08984,389.8200073,7764.114878
3120.460938,2689.860107,22358.42969,384.4700012,8158.100292
3041.443115,2724.01001,22018.51953,385.4899902,8084.190021
3095.474121,2705.27002,22201.82031,383.0599976,8190.458926
3075.136963,2734.620117,22171.34961,386.9100037,8241.980236
3091.190918,2746.870117,22475.93945,388.1099854,8227.912721
3114.206055,2748.800049,22539.53906,386.8900146,8365.320399
3115.179932,2772.350098,22625.73047,386.8800049,8382.832588
3109.499023,2770.370117,22823.25977,385.9400024,8405.371138
3067.147949,2779.030029,22694.5,385.1199951,8346.579837
3052.782959,2782,22804.03906,387.9400024,7548.164172
3079.802002,2786.850098,22878.34961,387.5299988,7180.35007
3049.797119,2775.629883,22966.38086,388.25,6921.844424
3044.159912,2782.48999,22738.60938,393.0400085,7296.65844
3021.900879,2779.659912,22851.75,389.1300049,7044.646382
3021.900879,2773.75,22680.33008,385.9100037,7352.904013
2907.822021,2762.590088,22278.48047,383.2099915,7407.122561
2915.730957,2767.320068,22555.42969,384.2900085,7411.198876
2875.810059,2749.76001,22693.03906,380.8500061,7354.404175
2889.76001,2754.879883,22516.83008,385.0100098,6634.908753
2859.335938,2717.070068,22338.15039,377.1700134,6791.638536
2844.508057,2723.060059,22342,377.25,6603.605494
2813.177979,2699.629883,22271.76953,379.9700012,6680.454011
2786.896973,2716.310059,22270.39063,376.8699951,6401.020332
2847.417969,2718.370117,22304.50977,379.9299927,6733.384497
2775.556885,2726.709961,21811.92969,376.75,7175.191542
2786.887939,2713.219971,21785.53906,379.8099976,7079.273327
2759.125977,2713.219971,21717.03906,380.0499878,7150.745047
2733.88208,2736.610107,21546.99023,381.5899963,7197.679541
2747.229004,2759.820068,21788.14063,382.3599854,7231.266124
2815.110107,2784.169922,22052.17969,384.5899963,7299.664791
2827.625,2793.840088,22196.89063,386.25,6840.797669
2777.770996,2774.02002,21932.21094,381.3999939,6920.266082
2837.658936,2798.290039,22187.96094,384.3699951,6736.02444
2831.184082,2801.310059,22597.34961,385.0299988,6749.357892
2814.041992,2798.429932,22597.34961,384.0499878,7307.382568
2798.125977,2809.550049,22697.35938,384.980011,7912.267691
2787.25708,2815.620117,22794.18945,387.0599976,7938.674041
2772.544922,2804.48999,22764.67969,386.1799927,8023.557095
2829.270996,2801.830078,22697.88086,385.6199951,7887.961106
2859.541992,2806.97998,22396.99023,384.8800049,8244.757135
2905.562012,2820.399902,22510.48047,388.1799927,8993.303515
2903.646973,2846.070068,22614.25,387.1700134,8740.581287
2882.225098,2837.439941,22586.86914,390.5299988,8500.061158
2873.593994,2818.820068,22712.75,392.0799866,8719.571731
2869.050049,2802.600098,22544.83984,390.9200134,8720.883234
2876.400879,2816.290039,22553.7207,391.6099854,8294.446478
2824.533936,2813.360107,22746.69922,391.6099854,8123.940945
2768.023926,2827.219971,22512.5293,386.6400146,8056.351227
2740.443115,2840.350098,22525.17969,389.1600037,7930.602631
2705.156982,2850.399902,22507.32031,388.6600037,7432.713116
2779.374023,2858.449951,22662.74023,390.4899902,7201.864792
2744.070068,2857.699951,22644.31055,389.6900024,6725.245002
2794.38208,2853.580078,22598.39063,390.0499878,6998.198429
2795.310059,2833.280029,22298.08008,385.8599854,6578.671039
2785.87207,2821.929932,21857.42969,384.9100037,6641.275223
2780.965088,2839.959961,22356.08008,384.9200134,6533.567938
2723.258057,2818.370117,22204.2207,379.7000122,6645.737021
2705.191895,2840.689941,22192.03906,381.4299927,6678.501446
2668.966064,2850.129883,22270.38086,381.0599976,6958.275001
2698.466064,2857.050049,22199,383.230011,6637.222014
2733.825928,2862.959961,22219.73047,384.1499939,6827.460897
2714.60791,2861.820068,22362.55078,384.019989,6703.774345
2724.624023,2856.97998,22410.82031,383.3800049,6869.940762
2729.430908,2874.689941,22601.76953,383.5599976,7061.287774
2780.898926,2896.73999,22799.64063,385.5700073,7230.929383
2777.980957,2897.52002,22813.4707,385.4599915,7456.24445
2769.294922,2914.040039,22848.2207,386.5799866,7398.653547
2737.737061,2901.129883,22869.5,385.3599854,7323.056142
2725.25,2901.52002,22865.15039,382.2600098,7382.93987
2720.733887,2901.52002,22707.38086,382.5100098,7615.099808
2750.580078,2896.719971,22696.90039,379.8299866,7715.498033
2704.336914,2888.600098,22580.83008,375.6799927,7083.955038
2691.593018,2878.050049,22487.93945,373.4700012,6817.232173
2702.301025,2871.679932,22307.06055,373.769989,6740.815272
2669.485107,2877.129883,22373.08984,375.5100098,6581.696304
2664.800049,2887.889893,22664.68945,375.3099976,6558.96443
2656.110107,2888.919922,22604.60938,377.0799866,6587.107639
2686.577881,2904.179932,22821.32031,376.519989,6783.542067
2681.643066,2904.97998,23094.66992,377.8500061,6781.3726
2651.789063,2888.800049,23094.66992,378.3099976,6531.948316
2699.949951,2904.310059,23420.53906,378.730011,6635.732651
2730.850098,2907.949951,23672.51953,379.980011,6663.245056
2729.243896,2930.75,23674.92969,382.6300049,6801.335221
2797.485107,2929.669922,23869.92969,384.2900085,7042.697905
2797.485107,2919.370117,23869.92969,382.1400146,6882.526664
2781.138916,2915.560059,23940.25977,383.8900146,6722.920342
2806.812988,2905.969971,24033.78906,385.0400085,6768.6709
2791.774902,2914,23796.74023,386.3800049,6968.654995
2821.350098,2913.97998,24120.03906,383.1799927,6928.84599
2821.350098,2924.590088,24245.75977,383.9400024,6881.005923
2821.350098,2923.429932,24270.61914,381.9400024,6843.390126
2821.350098,2925.51001,24110.96094,383.8399963,6780.94747
2821.350098,2901.610107,23975.61914,379.6799927,6857.589687
2821.350098,2885.570068,23783.7207,376.4100037,6909.286674
2716.51001,2884.429932,23783.7207,372.2099915,6941.327779
2721.012939,2880.340088,23469.39063,372.9299927,6929.761499
2725.836914,2785.679932,23506.03906,366.9299927,6869.713122
2583.458008,2728.370117,22590.85938,359.6499939,6497.346369
2606.913086,2767.129883,22694.66016,358.9500122,6525.243276
2568.0979,2750.790039,22271.30078,359.3099976,6861.538061
2546.330078,2809.919922,22549.24023,364.9899902,6860.732717
2561.614014,2809.209961,22841.11914,363.5400085,6805.639644
2486.418945,2768.780029,22658.16016,361.6700134,6733.040911
2550.465088,2767.780029,22532.08008,361.2399902,6722.595074
2654.875977,2755.879883,22614.82031,359.7399902,6743.874269
2594.825928,2740.689941,22010.7793,354.0599976,6733.130161
2603.294922,2656.100098,22091.17969,353.269989,6752.693244
2603.800049,2705.570068,21268.73047,355.0700073,6731.755235
2598.846924,2658.689941,21184.59961,352.3399963,6730.683731
2542.103027,2641.25,21149.80078,355.5100098,6579.436052
2568.048096,2682.629883,21457.28906,355.5299988,6581.585178
2602.782959,2711.73999,21920.46094,361.6099854,6565.008111
2606.237061,2740.370117,21687.65039,363.0799866,6627.508568
2676.476074,2723.060059,22243.66016,364.0799866,6640.979003
2665.430908,2738.310059,21898.99023,363.5,6682.854975
2659.355957,2755.449951,22147.75,362.5499878,6735.971927
2641.342041,2813.889893,22085.80078,366.3900146,6802.07272
2635.63208,2806.830078,22486.91992,367.0799866,6718.899086
2598.87207,2781.01001,22250.25,365.7399902,6648.156825
2630.52002,2726.219971,22269.88086,362.0299988,6632.97502
2654.879883,2722.179932,21810.51953,364.4400024,6616.667885
2632.24292,2701.580078,21846.48047,362.269989,5963.97057
2668.169922,2730.199951,21803.61914,358.4299927,5873.38926
2679.110107,2736.27002,21680.33984,357.7099915,5793.759752
2703.511963,2690.72998,21821.16016,355.1099854,5057.770211
2645.85498,2641.889893,21583.11914,351.0599976,4615.639913
2651.504883,2649.929932,21507.53906,355.0700073,4773.956814
2645.434082,2649.929932,21646.55078,352.5700073,4525.228258
2579.48291,2632.560059,21646.55078,353.980011,4502.938314
2575.810059,2673.449951,21812,358.3299866,3917.195553
2574.678955,2682.169922,21952.40039,357.3999939,3962.122818
2601.737061,2743.790039,22177.01953,357.3900146,4414.858005
2567.443115,2737.800049,22262.59961,358.1000061,4430.573423
2588.187988,2760.169922,22351.06055,357.4899902,4162.865892
2654.798096,2790.370117,22574.75977,361.1799927,4034.455832
2665.958008,2700.060059,22036.05078,358.4299927,4098.619622
2649.804932,2700.060059,21919.33008,354.269989,3886.056531
2605.180908,2695.949951,21501.61914,343.3099976,3640.060052
2605.887939,2633.080078,21678.67969,345.4500122,3538.750736
2584.582031,2637.719971,21219.5,338.9899902,3619.208734
2594.087891,2636.780029,21148.01953,344.1799927,3537.588765
2602.153076,2651.070068,21602.75,350,3602.294693
2634.049072,2650.540039,21816.18945,349.4200134,3424.120308
2593.740967,2599.949951,21374.83008,347.2099915,3350.48878
2597.974121,2545.939941,21506.88086,343.2600098,3670.53371
2576.649902,2546.159912,21115.44922,340.4599915,3827.618656
2549.562988,2506.959961,20987.91992,341.519989,3877.232939
2536.268066,2467.419922,20392.58008,336.5799866,4283.853058
2516.250977,2416.620117,20166.18945,336.6700134,4037.175829
2527.00708,2351.100098,20166.18945,336.6700134,4252.387462
2504.819092,2351.100098,19155.74023,336.6700134,3976.82857
2498.293945,2467.699951,19327.06055,336.6700134,4020.49792
2483.085938,2488.830078,20077.61914,329.5799866,3800.016032
2493.895996,2485.73999,20014.76953,336.230011,4094.416791
2493.895996,2506.850098,20014.76953,336.230011,3906.867426
2465.291016,2510.030029,20014.76953,336.230011,4132.252536
2464.363037,2447.889893,20014.76953,333.9200134,4018.311576
2514.86792,2531.939941,19561.96094,343.3800049,4045.184623
2533.089111,2549.689941,20038.9707,342.8800049,4215.178254
2526.461914,2574.409912,20204.03906,345.8500061,4221.159975
2544.344971,2584.959961,20427.06055,347.7000122,4225.539011
2535.099121,2596.639893,20163.80078,348.8800049,3841.814885
2553.831055,2596.26001,20359.69922,349.2000122,3847.729772
2535.764893,2582.610107,20359.69922,347.5100098,3868.008933
2570.344971,2610.300049,20555.28906,348.7099915,3784.776681
2570.422119,2616.100098,20442.75,350.5899963,3810.91947
2559.636963,2635.959961,20402.26953,350.730011,3834.722866
2596.006104,2670.709961,20666.07031,357.0499878,3810.706152
2610.509033,2670.709961,20719.33008,356.3599854,3724.949542
2579.704102,2632.899902,20622.91016,355.0899963,3755.593038
2581.003906,2638.699951,20593.7207,354.8900146,3735.130486
2591.694092,2642.330078,20574.63086,355.6700134,3751.55174
2601.7229,2664.76001,20773.56055,357.8399963,3749.648262
2596.977051,2643.850098,20649,354.3800049,3608.691934
2594.253906,2640,20664.64063,357.230011,3585.305753
2575.575928,2681.050049,20556.53906,358.5100098,3627.486719
2584.572021,2704.100098,20773.49023,358.6700134,3596.931977
2618.231934,2706.530029,20788.39063,359.7099915,3628.84012
2618.231934,2724.870117,20883.76953,359.9200134,3601.516591
2618.231934,2737.699951,20844.44922,364.9899902,3608.517259
2618.231934,2731.610107,20874.06055,365.519989,3552.056381
2618.231934,2706.050049,20751.2793,360.0799866,3537.667271
2618.231934,2707.879883,20333.16992,358.0700073,3829.990011
2653.895996,2709.800049,20333.16992,361.1199951,3813.382782
2671.894043,2744.72998,20864.21094,362.7799988,3820.496641
2721.068115,2753.030029,21144.48047,364.9700012,3797.106965
2719.699951,2745.72998,21139.71094,363.7999878,3780.380529
2682.38501,2775.600098,20900.63086,368.9400024,3786.084416
2754.356934,2775.600098,21281.84961,369.7799988,4110.375842
2755.645996,2779.76001,21302.65039,368.9700012,4140.809665
2761.218994,2784.699951,21431.49023,371.4599915,4201.674519
2751.801025,2774.879883,21464.23047,370.4100037,4149.89104
2804.226074,2792.669922,21425.50977,371.230011,4204.922989
2961.282959,2796.110107,21528.23047,372.1799927,4069.246897
2941.516113,2793.899902,21449.39063,373.6400146,4038.419453
2953.823975,2792.379883,21556.50977,372.5799866,4033.229498
2940.954102,2784.48999,21385.16016,372.7999878,4038.239446
2994.004883,2803.689941,21602.68945,374.2399902,4043.989663
3027.575928,2792.810059,21822.03906,375.0899963,3936.2117
3054.24707,2789.649902,21726.2793,375.6400146,4087.806054
3102.099121,2771.449951,21596.81055,375.480011,4098.990922
3106.417969,2748.929932,21456.00977,373.8800049,4107.206685
2969.861084,2743.070068,21025.56055,370.5700073,4092.867081
3026.99292,2783.300049,21125.08984,373.4700012,4094.996664
3060.306885,2791.52002,21503.68945,373.25,4101.13214
3026.950928,2810.919922,21290.24023,375.6000061,4096.444648
2990.685059,2808.47998,21287.01953,378.519989,4115.204069
3021.750977,2822.47998,21450.84961,381.1000061,4158.132342
3096.417969,2832.939941,21584.5,382.1099854,4232.677898
3090.975098,2832.570068,21566.84961,384.2900085,4272.862932
3090.639893,2824.22998,21608.91992,380.8399963,4289.549197
3101.455078,2854.879883,21608.91992,380.6900024,4225.855254
3104.148926,2800.709961,21627.33984,376.0299988,4221.498213
3043.031006,2798.360107,20977.10938,374.3299866,4158.133736
2997.094971,2818.459961,21428.39063,377.2000122,4180.410668
3022.719971,2805.370117,21378.73047,377.2799988,4290.873218
2994.943115,2815.439941,21033.75977,376.8399963,4270.263425
3090.758057,2834.399902,21205.81055,379.0899963,4302.744337
3170.361084,2867.189941,21509.0293,383.6700134,4361.319889
3176.822998,2867.23999,21505.31055,385.0299988,5120.702682
3216.294922,2873.399902,21713.21094,388.9200134,5220.058886
3246.571045,2879.389893,21724.94922,387.8699951,5166.461878
3246.571045,2892.73999,21807.5,388.230011,5291.542557
3244.810059,2895.77002,21761.65039,387.5100098,5560.178766
3239.664063,2878.199951,21802.58984,385.6799927,5468.478468
3241.929932,2888.209961,21687.57031,386.6799927,5590.877196
3189.961914,2888.320068,21711.38086,386.9100037,5310.232319
3188.625977,2907.409912,21870.56055,387.5299988,5333.818162
3177.787109,2905.580078,22169.10938,388.1000061,5308.311795
3253.5979,2907.060059,22221.66016,389.2099915,5485.119132
3263.11792,2900.449951,22277.9707,389.5899963,5498.79955
3250.200928,2905.030029,22090.11914,390.4599915,5554.88078
3270.797119,2905.030029,22200.56055,390.4599915,5560.683927
3215.042969,2907.969971,22217.90039,390.4599915,5648.762677
3198.593994,2933.679932,22259.74023,391.3500061,5819.211135
3201.614014,2927.25,22200,390.980011,5704.552698
3123.825928,2926.169922,22307.58008,390.1499939,5436.737887
3086.398926,2939.879883,22258.73047,391.0100098,5509.31673
3086.398926,2943.030029,22258.73047,391.3200073,5471.013047
3086.398926,2945.830078,22258.73047,391.3500061,5587.716986
3086.398926,2923.72998,22258.73047,391.3500061,5637.718417
3086.398926,2917.52002,22258.73047,388.8399963,5741.715655
3086.398926,2945.639893,22258.73047,390.3699951,6016.150512
2906.464111,2932.469971,22258.73047,386.9500122,5995.088
2926.391113,2884.050049,21923.7207,381.6400146,6074.601886
2893.75708,2879.419922,21602.58984,382.230011,6228.682113
2850.954102,2870.719971,21402.13086,375.9200134,6419.696795
2939.210938,2881.399902,21344.91992,377.1400146,6629.893404
2903.712891,2811.870117,21191.2793,372.5700073,8100.539326
2883.611084,2834.409912,21067.23047,376.3399963,8304.092585
2938.677979,2850.959961,21188.56055,378.0599976,8555.005123
2955.710938,2876.320068,21062.98047,382.8800049,8245.519062
2882.295898,2859.530029,21250.08984,381.5100098,7677.626318
2870.60498,2840.22998,21301.73047,377.4599915,8322.880954
2905.968994,2864.360107,21272.44922,379.5,8311.32181
2891.705078,2856.27002,21283.36914,379.1900024,8014.27389
2852.514893,2822.23999,21151.14063,373.7900085,8218.414801
2852.995117,2826.060059,21117.2207,375.8900146,8338.177427
2892.37793,2826.060059,21182.58008,376.7099915,9197.976267
2909.910889,2802.389893,21260.14063,375.8999939,9108.029985
2914.696045,2783.02002,21003.36914,370.5100098,9045.297878
2905.804932,2788.860107,20942.5293,370.5100098,8685.236443
2898.696045,2752.060059,20601.18945,369.0599976,8958.263427
2890.081055,2744.449951,20410.88086,370.4899902,8570.071294
2862.280029,2803.27002,20408.53906,372.6700134,8052.163345
2861.417969,2826.149902,20776.09961,374.0799866,8176.2923
2827.798096,2843.48999,20774.03906,374.0100098,8183.808101
2827.798096,2873.340088,20884.71094,377.480011,8413.519363
2852.129883,2886.72998,21134.41992,377.480011,8378.198411
2925.716064,2885.719971,21204.2793,380.8900146,8310.752195
2909.379883,2879.840088,21129.7207,379.7399902,8543.653743
2910.740967,2891.639893,21032,380.3299866,8620.382041
2881.974121,2886.97998,21116.89063,378.8099976,9092.740917
2887.62207,2889.669922,21124,378.4599915,9731.206931
2890.157959,2917.75,20972.71094,384.7799988,9483.880967
2917.802979,2926.459961,21333.86914,384.769989,9681.484893
2987.118896,2954.179932,21462.85938,386.1600037,9936.187943
3001.97998,2950.459961,21258.64063,384.7600098,10580.14311
3008.147949,2945.350098,21285.99023,383.7900085,11459.01804
2982.073975,2917.379883,21193.81055,383.3999939,12247.81877
2976.283936,2913.780029,21086.58984,382.2000122,13486.60809
2996.792969,2924.919922,21338.16992,382.2099915,11593.8331
2978.87793,2941.76001,21275.91992,384.8699951,12841.75935
3044.903076,2964.330078,21729.9707,387.8699951,11003.03539
3043.943115,2973.01001,21754.26953,389.2900085,11216.24438
3015.262939,2995.820068,21638.16016,392.5799866,12390.54979
3005.249023,2995.820068,21702.44922,392.9400024,11623.50031
3011.059082,2990.409912,21746.38086,390.1099854,11388.50868
2933.363037,2975.949951,21534.34961,389.8999939,12725.91113
2928.22998,2979.629883,21565.15039,387.9200134,13005.31727
2915.302002,2993.070068,21533.48047,387.1499939,12558.20553
2917.760986,2999.909912,21643.5293,386.7000122,11732.90279
2930.550049,3013.77002,21685.90039,386.8500061,12200.80669
2942.189941,3014.300049,21685.90039,387.75,11218.57685
2937.620117,3004.040039,21535.25,389.1000061,9758.57991
2931.689941,2984.419922,21469.17969,387.6600037,9997.53337
2901.179932,2995.110107,21046.24023,386.7999878,10996.87187
2924.199951,2976.610107,21466.99023,387.25,10853.13714
2886.974121,2985.030029,21416.78906,387.7399902,10658.56904
2899.939941,3005.469971,21620.88086,391.5400085,10206.54552
2923.280029,3019.560059,21709.57031,391.730011,10125.74626
2937.360107,3003.669922,21756.55078,389.519989,10227.34903
2944.540039,3025.860107,21658.15039,390.730011,10186.70478
2941.01001,3020.969971,21616.80078,390.8500061,9823.040678
2952.340088,3013.179932,21709.31055,385.1099854,9910.662457
2932.51001,2980.379883,21521.5293,385.769989,10405.04864
2908.77002,2953.560059,21540.99023,385.769989,10718.89724
2867.840088,2932.050049,21087.16016,378.1499939,10833.44487
2821.5,2844.73999,20720.28906,369.4299927,12139.24405
2777.555908,2881.77002,20585.31055,367.7099915,11799.77335
2768.679932,2883.97998,20516.56055,368.6000061,12261.71612
2794.552002,2938.090088,20593.34961,374.7099915,12279.72175
2774.75,2918.649902,20684.82031,371.5599976,12160.0916
2814.98999,2882.699951,20684.82031,370.4100037,11682.08643
2797.26001,2926.320068,20455.43945,372.3999939,11191.41091
2808.909912,2840.600098,20655.13086,366.1600037,10316.69498
2815.800049,2847.600098,20405.65039,365.0899963,10578.8972
2823.820068,2888.679932,20418.81055,369.6300049,10637.06783
2883.100098,2923.649902,20563.16016,373.8599854,11198.96429
2880,2900.51001,20677.2207,371.2999878,11037.42406
2880.330078,2924.429932,20618.57031,375.7999878,10400.16981
2883.439941,2922.949951,20628.00977,374.2900085,10398.26617
2897.429932,2847.110107,20710.91016,371.3599854,10680.37696
2863.570068,2878.379883,20261.03906,371.2799988,10635.73342
2902.189941,2869.159912,20456.08008,373.6199951,10448.00991
2893.76001,2887.939941,20479.41992,372.8599854,9997.684577
2890.919922,2924.580078,20460.92969,376.7399902,9745.643117
2886.23999,2926.459961,20704.36914,379.480011,9833.19288
2924.105957,2926.459961,20620.18945,380.6900024,10593.9319
2930.149902,2906.27002,20625.16016,379.8099976,10874.07008
2957.409912,2937.780029,20649.14063,383.1799927,10839.60244
2985.860107,2976,21085.93945,385.9200134,10816.98823
2999.600098,2978.709961,21199.57031,387.1400146,10590.26302
3024.73999,2978.429932,21318.41992,386.0599976,10588.16013
3021.199951,2979.389893,21392.09961,386.4400024,10368.43479
3008.810059,3000.929932,21597.75977,389.7099915,10428.79952
3031.23999,3009.570068,21759.60938,390.480011,10662.12122
3031.23999,3007.389893,21988.28906,391.7900085,10612.2719
3030.75,2997.959961,21988.28906,389.5299988,10548.10874
2978.120117,3005.699951,22001.32031,389.3299866,10525.78089
2985.659912,3006.72998,21960.71094,389.4100037,10489.47333
2999.280029,3006.790039,22044.44922,391.7999878,10566.68389
3006.449951,2992.070068,22079.08984,392.9500122,10476.72083
2977.080078,2991.780029,22079.08984,389.7999878,9999.951031
2985.340088,2966.600098,22098.83984,389.8399963,8846.27416
2955.429932,2984.870117,22020.15039,387.5899963,8717.343458
2929.090088,2977.620117,22048.24023,389.9500122,8342.932724
2932.169922,2961.790039,21878.90039,391.7900085,8484.627242
2905.189941,2976.73999,21755.83984,393.1499939,8531.599671
2905.189941,2940.25,21885.24023,387.9899902,8578.552681
2905.189941,2887.610107,21778.60938,377.519989,8632.317534
2905.189941,2910.629883,21341.74023,377.4599915,8493.727741
2905.189941,2952.01001,21410.19922,380.2200012,8441.796149
2905.189941,2938.790039,21375.25,382.9100037,8487.041218
2913.570068,2893.060059,21587.7793,378.7099915,8470.822902
2924.860107,2919.399902,21456.38086,380.2999878,8851.310841
2947.709961,2938.129883,21551.98047,382.7600098,8838.586535
2973.659912,2970.27002,21798.86914,391.6099854,8563.436477
3007.879883,2966.149902,21798.86914,389.6900024,8621.204289
2991.050049,2995.679932,22207.21094,394.019989,8444.153972
2978.709961,2989.689941,22472.91992,393.4599915,8278.893457
2977.330078,2997.949951,22451.85938,393.0799866,8339.287596
2938.139893,2986.199951,22492.67969,391.8399963,8202.717189
2939.620117,3006.719971,22548.90039,394.2200012,8476.251314
2954.379883,2995.98999,22548.90039,394.5899963,8306.892708
2941.620117,3004.52002,22625.38086,395.0299988,7729.351526
2940.919922,3010.290039,22750.59961,397.3699951,7708.5143
2954.929932,3022.550049,22799.81055,398.0100098,8902.04175
2980.050049,3039.419922,22867.26953,398.9899902,9499.652424
2954.179932,3036.889893,22974.13086,398.3699951,9680.613188
2939.320068,3046.77002,22843.11914,398.7000122,9451.505881
2929.060059,3037.560059,22927.03906,396.75,9445.112131
2958.199951,3066.909912,22850.76953,399.4299927,9506.420398
2975.48999,3078.27002,22850.76953,403.4100037,9663.270542
2991.560059,3074.620117,23251.99023,404.230011,9597.861267
2978.600098,3076.780029,23303.82031,405.0700073,9619.527641
2978.709961,3085.179932,23330.32031,406.5599976,9520.115673
2964.179932,3093.080078,23391.86914,405.4200134,9052.381188
2909.969971,3087.01001,23331.83984,405.3399963,9007.970354
2914.820068,3091.840088,23520.00977,406.8999939,9066.707399
2905.23999,3094.040039,23319.86914,405.8599854,9060.694568
2909.870117,3096.629883,23141.55078,404.4100037,8956.630409
2891.340088,3120.459961,23303.32031,406.0400085,8733.404203
2909.199951,3122.030029,23416.75977,405.9899902,8549.517095
2933.98999,3120.179932,23292.65039,405.5,8442.024156
2911.050049,3108.459961,23148.57031,403.8200073,8261.006783
2903.639893,3103.540039,23038.58008,402.2200012,7857.683848
2885.290039,3110.290039,23112.88086,403.980011,7496.850359
2906.169922,3133.639893,23292.81055,408.0899963,7340.751772
2907.060059,3140.52002,23373.32031,408.4899902,7416.922929
2903.189941,3153.629883,23437.76953,409.8099976,7734.951153
2889.693115,3153.629883,23409.14063,409.25,7664.191597
2871.97998,3140.97998,23293.91016,407.4299927,7967.811007
2875.810059,3113.870117,23529.5,401.0100098,7518.997488
2884.699951,3093.199951,23379.81055,398.480011,7515.651434
2878.115967,3112.76001,23135.23047,403.1900024,7446.061418
2899.468994,3117.429932,23300.08984,402.6600037,7644.921928
2912.013916,3145.909912,23354.40039,407.3500061,7743.991904
2914.478027,3135.959961,23430.69922,406.3900146,7596.192346
2917.315918,3132.52002,23410.18945,405.3399963,7471.338177
2924.416992,3141.629883,23391.85938,406.2200012,7407.19565
2915.697998,3168.570068,23424.81055,407.5799866,7434.976244
2967.676025,3168.800049,24023.09961,412.019989,7461.194317
2984.393066,3191.449951,23952.34961,417.75,7108.48461
3022.422119,3192.52002,24066.11914,414.9200134,6801.990606
3017.043945,3191.139893,23934.42969,414.3800049,7452.588656
3017.065918,3205.370117,23864.84961,415.0700073,7373.939414
3004.937988,3221.219971,23816.63086,418.3999939,7390.130056
2962.750977,3224.01001,23821.10938,418.269989,7527.000031
2982.680908,3223.379883,23830.58008,418.269989,7494.171414
2981.881104,3223.379883,23782.86914,418.269989,7444.078446
3007.35498,3239.909912,23924.91992,418.269989,7407.490136
3005.035889,3240.02002,23837.7207,419.7399902,7460.400765
3040.023926,3221.290039,23656.61914,416.1700134,7470.248506
3050.124023,3230.780029,23656.61914,416.1700134,7366.352365
3085.197998,3257.850098,23656.61914,416.1700134,7154.477302
3083.785889,3234.850098,23656.61914,418.3299866,7523.315446
3083.407959,3246.280029,23204.85938,416.6300049,7961.314483
3104.802002,3237.179932,23575.7207,417.6700134,8355.812102
3066.893066,3253.050049,23204.75977,418.3599854,8268.994733
3094.88208,3274.699951,23739.86914,419.6400146,8065.48883
3092.291016,3265.350098,23850.57031,419.1400146,8361.506137
3115.570068,3288.129883,23850.57031,418.3900146,8340.384116
3106.820068,3283.149902,24025.16992,419.5899963,9054.629821
3090.040039,3289.290039,23916.58008,419.6300049,9033.741803
3074.081055,3316.810059,23933.13086,420.5400085,8948.321265
3075.496094,3329.620117,24041.25977,424.5599976,9164.074251
3095.787109,3329.620117,24083.50977,423.980011,8884.707526
3052.139893,3320.790039,23864.56055,423.3800049,8975.95911
3060.754883,3321.75,24031.34961,423.0400085,8910.216096
2976.528076,3325.540039,23795.43945,420.0299988,8626.579887
2976.528076,3295.469971,23827.17969,423.6400146,8665.56693
2976.528076,3243.629883,23343.50977,414.0700073,9142.17106
2976.528076,3276.23999,23215.71094,417.5599976,9598.340173
2976.528076,3273.399902,23379.40039,419.4100037,9554.596994
2976.528076,3283.659912,22977.75,415.1600037,9764.811763
2976.528076,3225.52002,23205.17969,410.7099915,9601.446546
2746.605957,3248.919922,22971.93945,411.7200012,9555.998409
2783.288086,3297.590088,23084.58984,418.4700012,9441.206381
2818.087891,3334.689941,23319.56055,423.6199951,9893.052031
2866.51001,3345.780029,23873.58984,425.4899902,10018.47396
2875.959961,3327.709961,23827.98047,424.3599854,10096.39386
2890.488037,3352.090088,23685.98047,424.6400146,10157.94101
2901.669922,3357.75,23685.98047,428.480011,10524.72371
2926.898926,3379.449951,23861.21094,431.1600037,10676.85175
2906.073975,3373.939941,23827.73047,431.0799866,10566.82557
2917.008057,3380.159912,23687.58984,430.519989,10683.80901
2983.62207,3380.159912,23523.24023,431.980011,10034.11437
2984.971924,3370.290039,23193.80078,430.3299866,10505.58225
2975.4021,3386.149902,23400.69922,433.8999939,9968.745608
3030.154053,3373.22998,23479.15039,430.1900024,9940.379525
3039.668945,3337.75,23386.74023,428.0700073,10029.84364
3031.23291,3225.889893,23386.74023,411.8599854,9994.89949
3013.050049,3128.209961,22605.41016,404.6000061,9664.272387
2987.928955,3116.389893,22426.18945,404.6199951,9110.867215
2991.330078,2978.76001,21948.23047,389.4500122,9076.753693
2880.303955,2954.219971,21142.96094,375.6499939,8963.19006
2970.930908,3090.22998,21344.08008,375.9700012,9165.499208
2992.896973,3003.370117,21082.73047,381.1300049,9078.042633
3011.666016,3130.120117,21100.06055,386.2999878,9044.840363
3071.677002,3023.939941,21329.11914,380.7600098,9374.848654
3034.510986,2972.370117,20749.75,366.7999878,9433.826744
2943.291016,2746.560059,19698.75977,339.5,8179.904404
2996.761963,2882.22998,19867.11914,335.6400146,8164.879551
2968.51709,2741.379883,19416.06055,333.1700134,8158.619655
2923.486084,2480.639893,18559.63086,294.9299927,5116.154832
2887.427002,2711.02002,17431.05078,299.1600037,5736.79637
2789.253906,2386.129883,17002.03906,284.6300049,5159.766068
2779.641113,2529.189941,17011.5293,291.0700073,5375.004061
2728.756104,2398.100098,16726.55078,279.6600037,5388.87796
2702.129883,2409.389893,16552.83008,287.7999878,6369.13761
2745.61792,2304.919922,16552.83008,293.0400085,6371.92471
2660.169922,2237.399902,16887.7793,280.4299927,6592.259188
2722.437988,2447.330078,18092.34961,304,6916.393861
2781.591064,2475.560059,19546.63086,313.3800049,6858.699216
2764.910889,2630.070068,18664.59961,321.3800049,6897.28845
2772.202881,2541.469971,19389.42969,310.8999939,6644.859031
2747.214111,2626.649902,19084.9707,314.8800049,6604.067821
2750.295898,2584.590088,18917.00977,320.0599976,6613.838098
2734.521973,2470.5,18065.41016,310.769989,6784.100848
2780.637939,2526.899902,17818.7207,312.0799866,6977.861517
2763.987061,2488.649902,17820.18945,309.0599976,6918.175012
2763.987061,2663.679932,18576.30078,320.5799866,7487.85728
2820.762939,2659.409912,18950.17969,326.6099854,7388.937547
2815.368896,2749.97998,19353.24023,326.6700134,7556.235585
2825.904053,2789.820068,19345.76953,331.7999878,7522.639371
2796.631104,2789.820068,19498.5,331.7999878,7069.425738
2783.048096,2761.629883,19043.40039,331.7999878,7045.924408
2827.282959,2846.060059,19638.81055,333.9100037,7044.347831
2811.174072,2783.360107,19550.08984,323.0599976,6838.146706
2819.935059,2799.550049,19290.19922,324.9200134,7335.153653
2852.552979,2823.159912,19669.11914,335.7000122,7098.576549
2827.012939,2736.560059,19280.7793,324.3099976,7097.612065
2843.97998,2799.310059,19137.94922,330.1400146,7345.409885
2838.499023,2797.800049,19429.43945,333.2399902,7661.456109
2808.529053,2836.73999,19262,329.5899963,7788.794932
2815.495117,2878.47998,19783.2207,335.4400024,8041.224354
2810.023926,2863.389893,19771.18945,341.0899963,8055.225205
2822.441895,2939.51001,19771.18945,347.0599976,9071.145382
2860.082031,2912.429932,20193.68945,340.0299988,8916.638105
2860.082031,2830.709961,19619.34961,340.0299988,9130.611849
2860.082031,2842.73999,19619.34961,328.4400024,9172.119364
2860.082031,2868.439941,19619.34961,335.5,9260.369021
2878.139893,2848.419922,19619.34961,334.3399963,9522.446597
2871.522949,2881.189941,19674.76953,337.980011,10214.94321
2895.340088,2929.800049,20179.08984,341.0499878,10107.41422
2894.800049,2930.189941,20390.66016,339.7000122,8833.041876
2891.555908,2870.120117,20366.48047,340.5700073,9039.644715
2898.050049,2820,20267.05078,333.9700012,9516.127043
2870.342041,2852.5,19914.7793,326.7099915,9984.466389
2868.458984,2863.699951,20037.4707,328.2399902,9570.379028
2875.417969,2953.909912,20133.73047,341.5899963,9990.240921
2898.575928,2922.939941,20433.44922,339.4899902,9991.851735
2883.738037,2971.610107,20595.15039,342.8200073,9781.378237
2867.924072,2948.51001,20552.31055,342.8200073,9328.288024
2813.764893,2955.449951,20388.16016,340.1700134,9438.080033
2817.969971,2955.449951,20741.65039,345.1799927,9159.124391
2846.547119,2991.77002,21271.16992,348.9200134,9083.276811
2836.803955,3036.129883,21419.23047,349.75,9437.655329
2846.221924,3029.72998,21916.31055,355.4700012,9794.440008
2852.351074,3044.310059,21877.89063,350.3599854,9708.502868
2915.430908,3055.72998,22062.39063,350.3599854,10466.84736
2921.397949,3080.820068,22325.60938,359.769989,9817.411572
2923.371094,3122.870117,22613.75977,368.9200134,9952.646156
2919.250977,3112.350098,22695.74023,366.25,10097.22273
2930.799072,3193.929932,22863.73047,375.3200073,9958.271213
2937.770996,3232.389893,23178.09961,374.1199951,10068.8174
2956.112061,3207.179932,23091.0293,369.5400085,10091.21462
2943.75293,3190.139893,23124.94922,368.1499939,10168.72348
2920.896973,3002.100098,22472.91016,353.0700073,9601.045199
2919.740967,3041.310059,22305.48047,354.0599976,9767.335508
2890.030029,3066.590088,21530.94922,353.0899963,9728.557643
2931.75,3124.73999,22582.21094,363.3299866,9820.445628
2935.870117,3113.48999,22455.75977,366.019989,9761.562628
2939.320068,3115.340088,22355.46094,363.4100037,9691.753271
2967.629883,3097.73999,22478.78906,365.4599915,9561.996242
2965.271973,3117.860107,22437.26953,362.7000122,9939.990509
2970.620117,3131.290039,22549.05078,367.3999939,9922.868835
2979.551025,3050.330078,22534.32031,357.1700134,9597.028239
2979.551025,3083.76001,22259.78906,359.7399902,9545.217392
2979.551025,3009.050049,22512.08008,358.3200073,9440.668166
2961.516113,3053.23999,21995.03906,359.8900146,9465.602194
2984.674072,3100.290039,22288.14063,360.3399963,9410.428264
3025.980957,3115.860107,22121.73047,361.1900024,9505.932069
3090.569092,3130.01001,22145.96094,368.2900085,9399.22903
3152.812988,3130.01001,22306.48047,365.4299927,9358.736621
3332.881104,3179.719971,22714.43945,371.2099915,9666.4186
3345.336914,3145.320068,22614.68945,368.9599915,9540.501495
3403.439941,3169.939941,22438.65039,366.480011,9726.809399
3450.593994,3152.050049,22529.28906,363.6400146,9571.749795
3383.322021,3185.040039,22290.81055,366.8299866,9570.29551
3443.285889,3155.219971,22784.74023,370.5,9534.445085
3414.618896,3197.52002,22587.00977,367.3999939,9535.463646
3361.303955,3226.560059,22945.5,373.8699951,9483.312882
3210.099121,3215.570068,22770.35938,372.1300049,9416.36749
3214.128906,3224.72998,22696.41992,372.7099915,9434.481358
3314.148926,3251.840088,22717.48047,375.5100098,9449.751331
3320.89502,3257.300049,22884.2207,376.7000122,9670.925111
3333.164063,3276.02002,22751.60938,373.4400024,9840.080937
3325.110107,3235.659912,22751.60938,373.6499939,9908.609651
3196.768066,3215.629883,22751.60938,367.2900085,9867.844584
3205.227051,3239.409912,22715.84961,366.1499939,11372.57153
3227.959961,3218.439941,22657.38086,367.6799927,11292.42776
3294.552002,3258.439941,22397.10938,367.4500122,11481.08663
3286.822021,3246.219971,22339.23047,359.519989,11510.0012
3310.00708,3271.120117,21710,356.3299866,11734.9313
3367.966064,3294.610107,22195.38086,363.6400146,11700.4148
3371.689941,3306.51001,22573.66016,363.3900146,11663.26598
3377.560059,3327.77002,22514.84961,365.1600037,12217.32521
3386.459961,3349.159912,22418.15039,362.4899902,12244.18395
3354.034912,3351.280029,22329.93945,363.5499878,12048.43356
3379.251953,3360.469971,22329.93945,364.6499939,12345.87264
3340.290039,3333.689941,22750.24023,370.7600098,11858.53973
3319.266113,3380.350098,22843.96094,374.8800049,12047.68627
3320.726074,3373.429932,23249.60938,372.5299988,12288.08805
3360.099121,3372.850098,23289.35938,368.0700073,12280.08681
3438.801025,3381.98999,23096.75,369.2600098,12767.8081
3451.089111,3389.780029,23051.08008,367.1799927,12496.80905
3408.128906,3374.850098,23110.60938,369.5799866,12243.12087
3363.898926,3385.51001,22880.61914,365.6400146,12374.00355
3380.683105,3397.159912,22920.30078,365.0899963,12054.91924
3385.637939,3431.280029,22985.50977,370.8500061,12260.24717
3373.577881,3443.620117,23296.76953,369.75,11823.04657
3329.739014,3478.72998,23290.85938,373.1199951,11948.55462
3350.110107,3484.550049,23208.85938,370.7200012,11776.67564
3403.806885,3508.01001,22882.65039,368.7999878,12010.99458
3395.677979,3500.310059,23139.75977,366.5100098,12192.84503
3410.606934,3526.649902,23138.07031,365.230011,12526.66012
3404.802002,3580.840088,23247.15039,371.2799988,11927.18733
3384.980957,3455.060059,23465.5293,366.0799866,10690.85576
3355.366943,3426.959961,23205.42969,361.9299927,10963.26191
3292.591064,3426.959961,23089.94922,367.9700012,10783.52699
3316.416992,3331.840088,23274.13086,363.75,10528.37856
3254.62793,3398.959961,23032.53906,369.6499939,10653.82601
3234.822998,3339.189941,23235.4707,367.480011,10792.60589
3260.345947,3340.969971,23406.49023,367.9599915,10837.29886
3278.813965,3383.540039,23559.30078,368.5100098,11119.41322
3295.679932,3401.199951,23454.89063,370.9599915,11221.25212
3283.924072,3385.48999,23475.5293,373.1300049,11399.50446
3270.435059,3357.01001,23319.36914,371.230011,11397.96963
3338.090088,3319.469971,23360.30078,368.7799988,11387.58601
3316.935059,3281.060059,23360.30078,356.8200073,10856.27643
3274.302002,3315.570068,23360.30078,357.5499878,10936.35412
3279.710938,3236.919922,23346.49023,359.5299988,10597.25451
3223.176025,3246.590088,23087.82031,355.8500061,11149.78264
3219.417969,3298.459961,23204.61914,355.5100098,11111.27299
3217.534912,3351.600098,23511.61914,363.3900146,11131.9666
3224.358887,3335.469971,23539.09961,361.4899902,11264.70388
3218.052002,3363,23185.11914,361.0899963,11203.88339
3218.052002,3380.800049,23185.11914,361.7999878,11032.58984
3218.052002,3348.419922,23029.90039,362.6900024,10986.00246
3218.052002,3408.600098,23312.14063,365.6300049,11214.40136
3218.052002,3360.969971,23433.73047,365.8800049,11017.58248
3218.052002,3419.439941,23422.82031,365.4500122,11077.00719
3218.052002,3446.830078,23647.07031,368.3099976,11331.96582
3340.778076,3488.669922,23626.73047,370.6199951,11869.89377
3332.183105,3483.340088,23507.23047,362.9100037,11933.1262
3336.35791,3483.810059,23410.63086,367.480011,11746.76854
3312.669922,3426.919922,23671.13086,366.8099976,12181.06659
3328.100098,3443.120117,23567.03906,365.5100098,12342.50398
3325.02002,3435.560059,23639.46094,360.7900085,13279.83555
3312.5,3453.48999,23474.26953,360.269989,13445.98176
3277.99707,3465.389893,23516.58984,362.5,13408.81632
3251.118896,3400.969971,23494.33984,355.9500122,13537.73313
3254.315918,3390.679932,23485.80078,352.5799866,14128.10851
3269.23999,3271.030029,23418.50977,342.1700134,13727.23914
3272.72998,3310.110107,23331.93945,341.7600098,13890.73929
3224.532959,3269.959961,22977.13086,342.3599854,13994.3694
3225.120117,3310.23999,23295.48047,347.8599854,13998.3532
3271.073975,3369.159912,23295.48047,356.0100098,14402.20301
3277.439941,3443.439941,23695.23047,363.3099976,14600.91609
3320.133057,3510.449951,24105.2793,367.1199951,16063.68215
3312.158936,3509.439941,24325.23047,366.3999939,16095.95845
3373.72998,3550.5,24839.83984,380.9899902,15848.46843
3360.148926,3545.530029,24905.58984,384.4200134,15811.92858
3342.202881,3572.659912,25349.59961,388.5599976,16236.72892
3338.679932,3537.01001,25520.88086,385.1600037,16810.24216
3310.10498,3585.149902,25385.86914,385.1799927,16870.8866
3346.968994,3626.909912,25906.92969,389.7399902,17260.07268
3339.899902,3609.530029,26014.61914,388.8200073,18214.97298
3347.302979,3567.790039,25728.14063,390.5400085,18370.88427
3363.087891,3581.870117,25634.33984,387.6000061,18384.13169
3377.72998,3557.540039,25527.36914,389.6099854,19227.83867
3414.48999,3577.590088,25527.36914,388.8399963,19077.0388
3402.822998,3635.409912,26165.58984,392.3900146,19816.35497
3362.326904,3629.649902,26296.85938,392.0899963,19399.10399
3369.73291,3629.649902,26537.31055,391.6300049,17753.00356
3408.306885,3638.350098,26644.71094,393.230011,17707.65122
3391.76001,3621.629883,26433.61914,389.3599854,20342.65004
3451.939941,3662.449951,26787.53906,391.8999939,19489.30349
3449.381104,3669.01001,26800.98047,391.6900024,19902.44659
3442.135986,3666.719971,26809.36914,391.7200012,20165.34508
3444.581055,3699.120117,26751.24023,394.0400085,19362.02637
3416.604004,3691.959961,26547.43945,392.8399963,19880.33338
3410.179932,3702.25,26467.08008,393.6400146,18965.00759
3371.964111,3672.820068,26817.93945,394.8999939,19217.58768
3373.275879,3668.100098,26756.24023,393.1499939,18911.56447
3347.190918,3663.459961,26652.51953,390.1199951,18688.58855
3369.120117,3647.48999,26732.43945,391.8500061,19928.0044
3367.22998,3694.620117,26687.83984,392.8399963,20100.69221
3366.98291,3701.169922,26757.40039,396.0799866,22053.18784
3404.873047,3722.47998,26806.66992,397.2799988,23562.62125
3394.899902,3709.409912,26763.39063,395.8999939,23915.83358
3420.569092,3694.919922,26714.41992,386.6900024,23530.39995
3356.781982,3687.26001,26436.39063,391.25,24544.51396
3382.320068,3690.01001,26524.78906,395.4899902,23937.84507
3363.113037,3703.060059,26668.34961,395.4899902,24470.85013
3396.562988,3703.060059,26656.60938,395.4899902,25429.88957
3397.284912,3735.360107,26854.0293,398.5799866,27958.06139
3379.035889,3727.040039,27568.15039,401.6099854,28234.96173
3414.452881,3732.040039,27444.16992,400.25,29733.47578
3473.069092,3756.070068,27444.16992,400.25,29875.66637
3502.958008,3700.649902,27258.38086,401.6900024,33180.75025
3528.677002,3726.860107,27158.63086,400.9400024,35265.82875
3550.876953,3748.139893,27055.93945,406.4100037,38217.97954
3576.205078,3803.790039,27490.13086,408.4899902,40782.66897
3570.110107,3824.679932,28139.0293,411.1700134,42210.68008
3531.498047,3799.610107,28139.0293,408.4100037,36810.88626
3608.340088,3801.189941,28164.33984,408.6099854,35113.23427
3598.6521,3809.840088,28456.58984,409.0700073,38610.7638
3565.905029,3795.540039,28698.25977,412,40576.00235
3566.37793,3768.25,28519.17969,407.8500061,38162.45159
3596.219971,3768.25,28242.21094,408.6799927,38061.90554
3566.379883,3798.909912,28633.46094,407.9200134,37621.71124
3583.092041,3851.850098,28523.25977,410.8399963,37102.17765
3621.263916,3853.070068,28756.85938,410.8900146,32096.13812
3606.75,3841.469971,28631.44922,408.5400085,34401.52445
3624.238037,3855.360107,28822.28906,405.1300049,33852.13558
3569.428955,3849.620117,28546.17969,407.7000122,34085.03308
3573.340088,3750.77002,28635.21094,402.980011,31830.06701
3505.176025,3787.379883,28197.41992,403.3900146,33102.29648
3483.069092,3714.23999,27663.39063,395.8500061,35857.04369
3505.283936,3773.860107,28091.05078,400.769989,35061.40992
3533.685059,3826.310059,28362.16992,405.9200134,37192.12962
3517.308105,3830.169922,28646.5,407.269989,39314.12585
3501.858887,3871.73999,28341.94922,409.5400085,38690.91731
3496.330078,3886.830078,28779.18945,409.5400085,40044.71289
3532.447021,3915.590088,29388.5,410.7799988,48136.43933
3603.489014,3911.22998,29505.92969,410.4200134,48459.55271
3655.087891,3909.879883,29562.92969,409.4700012,46872.39131
3655.087891,3916.379883,29562.92969,411.3500061,49906.42799
3655.087891,3934.830078,29520.07031,414,49577.18219
3655.087891,3934.830078,30084.15039,419.4700012,49965.96753
3655.087891,3932.590088,30467.75,419.2000122,51224.3296
3655.087891,3931.330078,30292.18945,416.1000061,54267.58731
3675.356934,3913.969971,30236.08984,412.7000122,53877.47126
3696.167969,3906.709961,30017.91992,414.8800049,58120.61648
3642.439941,3876.5,30156.0293,413.0599976,56230.04999
3636.360107,3881.370117,30156.0293,411.3200073,50598.31973
3564.080078,3925.429932,29671.69922,413.2099915,51542.42459
3585.050049,3829.340088,30168.26953,411.730011,48774.2043
3509.080078,3811.149902,28966.00977,404.9899902,47982.62198
3551.399902,3901.820068,29663.5,412.4400024,51400.08718
3508.591064,3870.290039,29408.16992,413.230011,50079.20625
3576.899902,3819.719971,29559.09961,413.4200134,52333.82762
3503.48999,3768.469971,28930.10938,411.9100037,50312.99453
3501.987061,3841.939941,28864.32031,408.6799927,50670.38926
3421.409912,3821.350098,28743.25,417.25,54305.99524
3359.290039,3875.439941,29027.93945,420.4100037,56928.49829
3357.73999,3898.810059,29036.56055,422.1099854,58039.31562
3436.830078,3939.340088,29211.64063,424.1700134,59863.76634
3453.080078,3943.340088,29717.83008,423.0799866,59354.52233
3419.949951,3968.939941,29766.9707,423.0799866,57928.69141
3446.73291,3962.709961,29921.08984,426.8200073,58842.07515
3445.551025,3974.120117,29914.33008,424.9100037,60932.80024
3463.068115,3915.459961,30216.75,426.5899963,59873.0581
3404.659912,3913.100098,29792.05078,423.3500061,60396.55226
3443.439941,3940.590088,29174.15039,424.1700134,56436.06434
3411.51001,3910.52002,28995.91992,423.3099976,56633.02604
3367.060059,3889.139893,28405.51953,423.3900146,54571.46292
3363.590088,3909.52002,28729.88086,423.0799866,53499.37846
3418.326904,3974.540039,29176.69922,426.9299927,57053.04875
3435.300049,3971.090088,29384.51953,427.6099854,59793.61404
3456.679932,3958.550049,29432.69922,430.6499939,60989.52456
3441.909912,3972.889893,29178.80078,429.6000061,61065.23759
3466.330078,4019.870117,29388.86914,432.2200012,61308.62043
3484.39209,4019.870117,29854,432.2200012,61774.49624
3484.39209,4077.909912,30089.25,432.2200012,61420.44612
3482.969971,4073.939941,29696.63086,435.2600098,60584.45642
3479.629883,4079.949951,29730.78906,434.3200073,58271.78878
3482.550049,4097.169922,29708.98047,436.8599854,60673.49421
3450.679932,4128.799805,29768.06055,437.230011,60571.81117
3412.949951,4127.990234,29538.73047,435.2399902,62311.72232
3396.469971,4141.589844,29751.60938,435.75,66106.49467
3416.719971,4124.660156,29620.99023,436.5700073,65867.42784
3398.98999,4170.419922,29642.68945,438.5499878,66163.95329
3426.620117,4185.470215,29683.36914,442.4899902,64358.86683
3477.550049,4163.259766,29685.36914,442.1799927,58189.45091
3472.939941,4134.939941,29100.38086,433.7999878,59104.4001
3472.929932,4173.419922,28508.55078,436.6400146,56567.29025
3465.110107,4134.97998,29188.16992,439.6300049,54455.26737
3474.169922,4180.169922,29020.63086,439.0400085,53734.81149
3441.169922,4187.620117,29126.23047,440.2000122,56840.01153
3442.610107,4186.720215,28991.89063,439.8500061,57993.7497
3457.070068,4183.180176,29053.9707,439.9200134,57867.14491
3474.899902,4211.470215,29053.9707,438.769989,56605.32463
3446.860107,4181.169922,28812.63086,437.3900146,60834.03085
3446.860107,4192.660156,28812.63086,439.9200134,60969.505
3446.860107,4164.660156,28812.63086,433.6499939,56940.3632
3446.860107,4167.589844,28812.63086,441.5499878,61353.73292
3441.280029,4201.620117,29331.36914,441.019989,60289.68387
3418.870117,4232.600098,29357.82031,444.9299927,61238.34957
3427.98999,4188.430176,29518.33984,445.3900146,60219.53353
3441.850098,4152.100098,28608.58984,436.6099854,61301.18303
3462.75,4063.040039,28147.50977,437.9299927,53282.05514
3429.540039,4112.5,27448.00977,437.9299927,53793.27268
3490.379883,4173.850098,28084.4707,442.5299988,54334.37808
3517.620117,4163.290039,27824.83008,442.2900085,47140.90541
3529.01001,4127.830078,28406.83984,443.0400085,46628.64071
3510.959961,4115.680176,28044.44922,436.3399963,39680.82526
3506.939941,4159.120117,28098.25,441.8999939,43811.90031
3486.560059,4155.859863,28317.83008,444.4400024,39942.63964
3497.280029,4197.049805,28364.60938,444.4400024,41561.4781
3581.340088,4188.129883,28553.98047,445.2000122,41321.53466
3593.360107,4195.990234,28642.18945,445.2200012,42417.88986
3608.850098,4200.879883,28549.00977,446.4400024,41399.73904
3600.780029,4204.109863,29149.41016,448.980011,38324.29606
3615.47998,4204.109863,28860.08008,446.7600098,40269.66582
3624.709961,4202.040039,28814.33984,450.1000061,39533.85856
3597.139893,4208.120117,28946.14063,451.3399963,40500.97779
3584.209961,4192.850098,29058.10938,450.7900085,42291.0093
3591.840088,4229.890137,28941.51953,452.5700073,39792.05999
3599.540039,4226.52002,29019.24023,453.5599976,36338.79433
3580.110107,4227.259766,28963.56055,454.0100098,36176.99553
3591.399902,4219.549805,28860.80078,454.4400024,40152.72101
3610.860107,4239.180176,28958.56055,454.5599976,39366.95181
3589.75,4247.439941,28948.73047,457.5100098,39873.96311
3589.75,4255.149902,29161.80078,458.3200073,42954.75278
3556.560059,4246.589844,29441.30078,458.8099976,43223.54771
3518.330078,4223.700195,29291.00977,459.8599854,40905.68266
3525.600098,4221.859863,29018.33008,459.3299866,40617.40054
3525.100098,4166.450195,28964.08008,452.0499878,38197.96143
3529.179932,4224.790039,28010.92969,455.230011,33708.52891
3557.409912,4246.439941,28884.13086,456.4200134,34518.17266
3566.219971,4241.839844,28874.89063,453.1000061,35861.07876
3566.649902,4266.490234,28875.23047,457.0400085,36805.77185
